DELETE FROM inventories;
DELETE FROM company;
DELETE FROM product;
-- product 테이블 데이터
INSERT INTO product (product_name, qr, product_img) VALUES
                                                        ('갯장어', 'https://d3keg8tn6si6dv.cloudfront.net/qr/qrcode1.png', 'https://d3keg8tn6si6dv.cloudfront.net/products/갯장어.webp'),
                                                        ('고등어', 'https://d3keg8tn6si6dv.cloudfront.net/qr/qrcode2.png', 'https://d3keg8tn6si6dv.cloudfront.net/products/고등어.webp'),
                                                        ('골뱅이', 'https://d3keg8tn6si6dv.cloudfront.net/qr/qrcode3.png', 'https://d3keg8tn6si6dv.cloudfront.net/products/골뱅이.webp'),
                                                        ('광어', 'https://d3keg8tn6si6dv.cloudfront.net/qr/qrcode4.png', 'https://d3keg8tn6si6dv.cloudfront.net/products/광어.webp'),
                                                        ('굴비', 'https://d3keg8tn6si6dv.cloudfront.net/qr/qrcode5.png', 'https://d3keg8tn6si6dv.cloudfront.net/products/굴비.webp'),
                                                        ('꽃게', 'https://d3keg8tn6si6dv.cloudfront.net/qr/qrcode6.png', 'https://d3keg8tn6si6dv.cloudfront.net/products/꽃게.webp'),
                                                        ('낙지', 'https://d3keg8tn6si6dv.cloudfront.net/qr/qrcode7.png', 'https://d3keg8tn6si6dv.cloudfront.net/products/낙지.webp'),
                                                        ('다시마', 'https://d3keg8tn6si6dv.cloudfront.net/qr/qrcode8.png', 'https://d3keg8tn6si6dv.cloudfront.net/products/다시마.webp'),
                                                        ('대나발소라', 'https://d3keg8tn6si6dv.cloudfront.net/qr/qrcode9.png', 'https://d3keg8tn6si6dv.cloudfront.net/products/대나발소라.webp'),
                                                        ('대하', 'https://d3keg8tn6si6dv.cloudfront.net/qr/qrcode10.png', 'https://d3keg8tn6si6dv.cloudfront.net/products/대하.webp'),
                                                        ('돌멍게', 'https://d3keg8tn6si6dv.cloudfront.net/qr/qrcode11.png', 'https://d3keg8tn6si6dv.cloudfront.net/products/돌멍게.webp'),
                                                        ('딱새우', 'https://d3keg8tn6si6dv.cloudfront.net/qr/qrcode12.png', 'https://d3keg8tn6si6dv.cloudfront.net/products/딱새우.webp'),
                                                        ('매생이', 'https://d3keg8tn6si6dv.cloudfront.net/qr/qrcode13.png', 'https://d3keg8tn6si6dv.cloudfront.net/products/매생이.webp'),
                                                        ('먹갈치', 'https://d3keg8tn6si6dv.cloudfront.net/qr/qrcode14.png', 'https://d3keg8tn6si6dv.cloudfront.net/products/먹갈치.webp'),
                                                        ('먹장어', 'https://d3keg8tn6si6dv.cloudfront.net/qr/qrcode15.png', 'https://d3keg8tn6si6dv.cloudfront.net/products/먹장어.webp'),
                                                        ('멍게', 'https://d3keg8tn6si6dv.cloudfront.net/qr/qrcode16.png', 'https://d3keg8tn6si6dv.cloudfront.net/products/멍게.webp'),
                                                        ('무늬오징어', 'https://d3keg8tn6si6dv.cloudfront.net/qr/qrcode17.png', 'https://d3keg8tn6si6dv.cloudfront.net/products/무늬오징어.webp'),
                                                        ('문어바지락', 'https://d3keg8tn6si6dv.cloudfront.net/qr/qrcode18.png', 'https://d3keg8tn6si6dv.cloudfront.net/products/문어바지락.webp'),
                                                        ('미역', 'https://d3keg8tn6si6dv.cloudfront.net/qr/qrcode19.png', 'https://d3keg8tn6si6dv.cloudfront.net/products/미역.webp'),
                                                        ('민물새우', 'https://d3keg8tn6si6dv.cloudfront.net/qr/qrcode20.png', 'https://d3keg8tn6si6dv.cloudfront.net/products/민물새우.webp'),
                                                        ('민물장어', 'https://d3keg8tn6si6dv.cloudfront.net/qr/qrcode21.png', 'https://d3keg8tn6si6dv.cloudfront.net/products/민물장어.webp'),
                                                        ('바지락', 'https://d3keg8tn6si6dv.cloudfront.net/qr/qrcode22.png', 'https://d3keg8tn6si6dv.cloudfront.net/products/바지락.webp'),
                                                        ('백골뱅이', 'https://d3keg8tn6si6dv.cloudfront.net/qr/qrcode23.png', 'https://d3keg8tn6si6dv.cloudfront.net/products/백골뱅이.webp'),
                                                        ('보라성게', 'https://d3keg8tn6si6dv.cloudfront.net/qr/qrcode24.png', 'https://d3keg8tn6si6dv.cloudfront.net/products/보라성게.webp'),
                                                        ('보리새우', 'https://d3keg8tn6si6dv.cloudfront.net/qr/qrcode25.png', 'https://d3keg8tn6si6dv.cloudfront.net/products/보리새우.webp'),
                                                        ('붕장어', 'https://d3keg8tn6si6dv.cloudfront.net/qr/qrcode26.png', 'https://d3keg8tn6si6dv.cloudfront.net/products/붕장어.webp'),
                                                        ('비단가리비', 'https://d3keg8tn6si6dv.cloudfront.net/qr/qrcode27.png', 'https://d3keg8tn6si6dv.cloudfront.net/products/비단가리비.webp'),
                                                        ('비단멍게', 'https://d3keg8tn6si6dv.cloudfront.net/qr/qrcode28.png', 'https://d3keg8tn6si6dv.cloudfront.net/products/비단멍게.webp'),
                                                        ('비단바지락', 'https://d3keg8tn6si6dv.cloudfront.net/qr/qrcode29.png', 'https://d3keg8tn6si6dv.cloudfront.net/products/비단바지락.webp'),
                                                        ('뿔소라', 'https://d3keg8tn6si6dv.cloudfront.net/qr/qrcode30.png', 'https://d3keg8tn6si6dv.cloudfront.net/products/뿔소라.webp'),
                                                        ('삐뚤이소라', 'https://d3keg8tn6si6dv.cloudfront.net/qr/qrcode31.png', 'https://d3keg8tn6si6dv.cloudfront.net/products/삐뚤이소라.webp'),
                                                        ('삼베체굴', 'https://d3keg8tn6si6dv.cloudfront.net/qr/qrcode32.png', 'https://d3keg8tn6si6dv.cloudfront.net/products/삼베체굴.webp'),
                                                        ('삼치', 'https://d3keg8tn6si6dv.cloudfront.net/qr/qrcode33.png', 'https://d3keg8tn6si6dv.cloudfront.net/products/삼치.webp'),
                                                        ('새꼬막', 'https://d3keg8tn6si6dv.cloudfront.net/qr/qrcode34.png', 'https://d3keg8tn6si6dv.cloudfront.net/products/새꼬막.webp'),
                                                        ('석굴', 'https://d3keg8tn6si6dv.cloudfront.net/qr/qrcode35.png', 'https://d3keg8tn6si6dv.cloudfront.net/products/석굴.webp'),
                                                        ('소라게', 'https://d3keg8tn6si6dv.cloudfront.net/qr/qrcode36.png', 'https://d3keg8tn6si6dv.cloudfront.net/products/소라게.webp'),
                                                        ('오징어', 'https://d3keg8tn6si6dv.cloudfront.net/qr/qrcode37.png', 'https://d3keg8tn6si6dv.cloudfront.net/products/오징어.webp'),
                                                        ('은갈치', 'https://d3keg8tn6si6dv.cloudfront.net/qr/qrcode38.png', 'https://d3keg8tn6si6dv.cloudfront.net/products/은갈치.webp'),
                                                        ('전복', 'https://d3keg8tn6si6dv.cloudfront.net/qr/qrcode39.png', 'https://d3keg8tn6si6dv.cloudfront.net/products/전복.webp'),
                                                        ('조기', 'https://d3keg8tn6si6dv.cloudfront.net/qr/qrcode40.png', 'https://d3keg8tn6si6dv.cloudfront.net/products/조기.webp'),
                                                        ('주꾸미', 'https://d3keg8tn6si6dv.cloudfront.net/qr/qrcode41.png', 'https://d3keg8tn6si6dv.cloudfront.net/products/주꾸미.webp'),
                                                        ('참조기', 'https://d3keg8tn6si6dv.cloudfront.net/qr/qrcode42.png', 'https://d3keg8tn6si6dv.cloudfront.net/products/참조기.webp'),
                                                        ('키조개', 'https://d3keg8tn6si6dv.cloudfront.net/qr/qrcode43.png', 'https://d3keg8tn6si6dv.cloudfront.net/products/키조개.webp'),
                                                        ('킹크랩', 'https://d3keg8tn6si6dv.cloudfront.net/qr/qrcode44.png', 'https://d3keg8tn6si6dv.cloudfront.net/products/킹크랩.webp'),
                                                        ('피문어', 'https://d3keg8tn6si6dv.cloudfront.net/qr/qrcode45.png', 'https://d3keg8tn6si6dv.cloudfront.net/products/피문어.webp'),
                                                        ('한치', 'https://d3keg8tn6si6dv.cloudfront.net/qr/qrcode46.png', 'https://d3keg8tn6si6dv.cloudfront.net/products/한치.webp'),
                                                        ('해삼', 'https://d3keg8tn6si6dv.cloudfront.net/qr/qrcode47.png', 'https://d3keg8tn6si6dv.cloudfront.net/products/해삼.webp'),
                                                        ('홍가리비', 'https://d3keg8tn6si6dv.cloudfront.net/qr/qrcode48.png', 'https://d3keg8tn6si6dv.cloudfront.net/products/홍가리비.webp'),
                                                        ('홍해삼', 'https://d3keg8tn6si6dv.cloudfront.net/qr/qrcode49.png', 'https://d3keg8tn6si6dv.cloudfront.net/products/홍해삼.webp'),
                                                        ('흑골뱅이', 'https://d3keg8tn6si6dv.cloudfront.net/qr/qrcode50.png', 'https://d3keg8tn6si6dv.cloudfront.net/products/흑골뱅이.webp');
--user 테이블
insert into USERS(user_id,username) values(1,'스리랑'),
                                          (2,'아리랑');
--company 테이블
INSERT INTO company(company_id,registration_number,company_name,post_code,main_address,sub_address) VALUES
                                                                                                        (101,'1234', '여보소 수산','1234','부산광역시 중구','자갈치 시장 1번'),
                                                                                                        (102,'1234', '정우 수산','1234','부산광역시 중구','자갈치 시장 1번'),
                                                                                                        (103,'1234', '제일 수산','1234','부산광역시 중구','자갈치 시장 1번'),
                                                                                                        (104,'1234', '등대 수산','1234','부산광역시 중구','자갈치 시장 1번'),
                                                                                                        (105,'1234', '동진 수산','1234','부산광역시 중구','자갈치 시장 1번'),
                                                                                                        (106,'1234', '명문 수산','1234','부산광역시 중구','자갈치 시장 1번'),
                                                                                                        (107,'1234', '보경 수산','1234','부산광역시 중구','자갈치 시장 1번'),
                                                                                                        (108,'1234', '환대 수산','1234','부산광역시 중구','자갈치 시장 1번'),
                                                                                                        (109,'1234', '미광 수산','1234','부산광역시 중구','자갈치 시장 1번'),
                                                                                                        (110,'1234', '한일 수산','1234','부산광역시 중구','자갈치 시장 1번'),
                                                                                                        (111,'1234', '세동 수산','1234','부산광역시 중구','자갈치 시장 1번'),
                                                                                                        (112,'1234', '상명 수산','1234','부산광역시 중구','자갈치 시장 1번'),
                                                                                                        (113,'1234', '대협 수산','1234','부산광역시 중구','자갈치 시장 1번'),
                                                                                                        (114,'1234', '하엽 수산','1234','부산광역시 중구','자갈치 시장 1번');

INSERT INTO company(company_id,registration_number,company_name,post_code,main_address,sub_address)
VALUES (1,1234,'알람받기수산',1234,'부산시','어딘가');

INSERT INTO company(company_id) VALUES (4);
INSERT INTO USERS(user_id) VALUES (5);

INSERT INTO incoming(incoming_id,category,country,country_detail,incoming_date,incoming_price,memo,natural_status,quantity,company_id,product_id,user_id) VALUES
                                                                                                                            (1,'선어','국산','호주','2024-06-28',20000,'방금잡은','양식',24.0,1,5,2),
                                                                                                                            (2,'선어','국산','호주','2024-06-28',20000,'방금잡은','양식',24.0,1,5,2),
                                                                                                                            (3,'선어','국산','호주','2024-06-28',30000,'방금잡은','양식',24.0,1,5,2),
                                                                                                                            (4,'선어','국산','호주','2024-06-27',60000,'방금잡은','양식',24.0,1,5,2),
                                                                                                                            (5,'선어','국산','호주','2024-06-27',100000,'방금잡은','양식',24.0,1,5,2),
                                                                                                                            (6,'선어','국산','호주','2024-06-27',100000,'방금잡은','양식',24.0,1,5,2),
                                                                                                                            (7,'활어','국산','호주','2024-07-27',10000,'방금잡은','자연산',20.0,1,1,2),
                                                                                                                            (8,'선어','수입','호주','2024-07-27',20000,'방금잡은','양식',10.0,1,2,2),
                                                                                                                            (9,'냉동','국산','호주','2024-07-28',30000,'방금잡은','자연산',50.0,1,3,2),
                                                                                                                            (10,'냉동','수입','호주','2024-07-28',10000,'방금잡은','양식',25.0,1,4,2),
                                                                                                                            (11,'선어','수입','호주','2024-07-29',10000,'방금잡은','자연산',15.0,1,5,2),
                                                                                                                            (12,'활어','국산','호주','2024-07-29',20000,'방금잡은','자연산',45.0,1,1,2),
                                                                                                                            (13,'활어','국산','호주','2024-07-30',10000,'방금잡은','양식',20.0,1,1,2),
                                                                                                                            (14,'냉동','국산','호주','2024-07-31',30000,'방금잡은','자연산',60.0,1,2,2),
                                                                                                                            (15,'선어','수입','호주','2024-08-09',500000,'방금잡은','자연산',20.0,1,2,2),
                                                                                                                            (16,'선어','국산','호주','2024-08-10',200000,'방금잡은','양식',24.0,1,5,2),
                                                                                                                            (17,'선어','국산','호주','2024-08-11',400000,'방금잡은','양식',24.0,1,5,2),
                                                                                                                            (18,'선어','국산','호주','2024-08-12',300000,'방금잡은','양식',24.0,1,5,2),
                                                                                                                            (19,'선어','국산','호주','2024-08-13',100000,'방금잡은','양식',24.0,1,5,2),
                                                                                                                            (20,'선어','국산','호주','2024-08-14',400000,'방금잡은','양식',24.0,1,5,2),
                                                                                                                            (21,'선어','국산','호주','2024-08-15',800000,'방금잡은','양식',24.0,1,5,2),
                                                                                                                            (22,'선어','국산','호주','2024-08-16',500000,'방금잡은','양식',24.0,1,5,2),
                                                                                                                            (23,'선어','국산','호주','2024-08-17',600000,'방금잡은','양식',24.0,1,5,2),
                                                                                                                            (24,'선어','국산','호주','2024-08-18',300000,'방금잡은','양식',24.0,1,5,2),
                                                                                                                            (25,'선어','국산','호주','2024-08-19',100000,'방금잡은','양식',24.0,1,7,2),
                                                                                                                            (26,'선어','국산','호주','2024-08-20',300000,'방금잡은','양식',24.0,1,6,2),
                                                                                                                            (27,'선어','국산','호주','2024-08-21',200000,'방금잡은','양식',24.0,1,5,2),
                                                                                                                            (28,'선어','국산','호주','2024-08-22',600000,'방금잡은','양식',24.0,1,3,2);


INSERT INTO outgoing (outgoing_id, company_id, outgoing_date, outgoing_state, partial_outgoing, user_id, trade_type) VALUES
                                                                                                             (1, 1, '2024-07-27', 'PENDING', true,1,'b2c'),
                                                                                                             (2, 101, '2024-07-28', 'COMPLETE', false,2,'b2c'),
                                                                                                             (3, 102, '2024-07-29', 'COMPLETE', true,2,'b2b'),
                                                                                                             (4, 103, '2024-07-30', 'COMPLETE', false,2,'b2b'),
                                                                                                             (5, 104, '2024-07-31', 'COMPLETE', true,2,'b2c'),
                                                                                                             (6, 105, '2024-08-01', 'COMPLETE', false,2,'b2c'),
                                                                                                             (7, 106, '2024-08-02', 'COMPLETE', true,2,'b2c'),
                                                                                                             (8, 107, '2024-08-03', 'COMPLETE', false,2,'b2b'),
                                                                                                             (9, 108, '2024-08-04', 'COMPLETE', true,2,'b2b'),
                                                                                                             (10, 109, '2024-08-05', 'COMPLETE', false,2,'b2c'),
                                                                                                             (11, 110, '2024-08-06', 'COMPLETE', true,2,'b2c'),
                                                                                                             (12, 111, '2024-08-07', 'COMPLETE', false,2,'b2b'),
                                                                                                             (13, 112, '2024-08-08', 'COMPLETE', true,2,'b2b'),
                                                                                                             (14, 113, '2024-08-09', 'PENDING', false,2,'b2b'),
                                                                                                             (15, 114, '2024-08-10', 'PENDING', true,2,'b2c'),
                                                                                                             (16, 1, '2024-08-11', 'COMPLETE', false,2,'b2b'),
                                                                                                             (17, 1, '2024-08-12', 'COMPLETE', true,2,'b2c'),
                                                                                                             (18, 1, '2024-08-13', 'COMPLETE', false,2,'b2b'),
                                                                                                             (19, 1, '2024-08-14', 'COMPLETE', true,2,'b2c'),
                                                                                                             (20, 1, '2024-08-15', 'COMPLETE', false,2,'b2b'),
                                                                                                             (21, 1, '2024-08-16', 'COMPLETE', true,2,'b2b'),
                                                                                                             (22, 1, '2024-08-17', 'COMPLETE', false,2,'b2c'),
                                                                                                             (23, 1, '2024-08-18', 'COMPLETE', true,2,'b2c'),
                                                                                                             (24, 1, '2024-08-19', 'COMPLETE', false,2,'b2b'),
                                                                                                             (25, 1, '2024-08-20', 'COMPLETE', true,2,'b2b'),
                                                                                                             (26, 1, '2024-08-21', 'COMPLETE', true,2,'b2b'),
                                                                                                             (27, 1, '2024-08-22', 'COMPLETE', false,2,'b2c');
--                                                                                                              (27, 1, '2024-08-22', 'PENDING', true,2,'b2c'),
--                                                                                                              (28, 1, '2024-08-23', 'PENDING', false,2,'b2b'),
--                                                                                                              (29, 1, '2024-08-24', 'PENDING', true,2,'b2c'),
--                                                                                                              (30, 1, '2024-08-25', 'PENDING', false,2,'b2c'),
--                                                                                                              (31, 1, '2024-08-26', 'PENDING', true,2,'b2c'),
--                                                                                                              (32, 1, '2024-08-27', 'PENDING', false,2,'b2b'),
--                                                                                                              (33, 1, '2024-08-28', 'PENDING', true,2,'b2b'),
--                                                                                                              (34, 1, '2024-08-29', 'PENDING', false,2,'b2c'),
--                                                                                                              (35, 1, '2024-08-30', 'PENDING', true,2,'b2b'),
--                                                                                                              (36, 1, '2024-08-31', 'PENDING', false,2,'b2b'),
--                                                                                                              (37, 1, '2024-09-01', 'PENDING', true,2,'b2b'),
--                                                                                                              (38, 1, '2024-09-02', 'COMPLETE', false,2,'b2c'),
--                                                                                                              (39, 1, '2024-09-03', 'COMPLETE', true,2,'b2c'),
--                                                                                                              (39, 1, '2024-09-04', 'PENDING', false,2,'b2c'),
--                                                                                                              (40, 1, '2024-09-05', 'PENDING', true,2,'b2b'),
--                                                                                                              (41, 1, '2024-09-06', 'PENDING', false,2,'b2b'),
--                                                                                                              (42, 1, '2024-09-07', 'PENDING', true,2,'b2c'),
--                                                                                                              (43, 1, '2024-09-08', 'PENDING', false,2,'b2b'),
--                                                                                                              (44, 1, '2024-09-09', 'PENDING', true,2,'b2c'),
--                                                                                                              (45, 1, '2024-09-10', 'PENDING', false,2,'b2c'),
--                                                                                                              (46, 1, '2024-09-11', 'PENDING', true,2,'b2c'),
--                                                                                                              (47, 1, '2024-09-12', 'PENDING', false,2,'b2c'),
--                                                                                                              (48, 1, '2024-09-13', 'PENDING', true,2,'b2b'),
--                                                                                                              (49, 1, '2024-09-14', 'PENDING', false,2,'b2b'),
--                                                                                                              (50, 1, '2024-09-15', 'PENDING', true,2,'b2b'),
--                                                                                                              (51, 1, '2024-09-16', 'PENDING', false,2,'b2b'),
--                                                                                                              (52, 1, '2024-09-17', 'PENDING', true,2,'b2b'),
--                                                                                                              (53, 1, '2024-09-18', 'PENDING', false,2,'b2b'),
--                                                                                                              (54, 1, '2024-09-19', 'PENDING', true,2,'b2c'),
--                                                                                                              (55, 1, '2024-09-20', 'PENDING', false,2,'b2b'),
--                                                                                                              (56, 1, '2024-09-21', 'PENDING', true,2,'b2c'),
--                                                                                                              (57, 1, '2024-09-22', 'PENDING', false,2,'b2b'),
--                                                                                                              (58, 1, '2024-09-23', 'PENDING', true,2,'b2b'),
--                                                                                                              (59, 1, '2024-09-24', 'PENDING', false,2,'b2b'),
--                                                                                                              (60, 1, '2024-09-25', 'PENDING', true,2,'b2c'),
--                                                                                                              (61, 1, '2024-09-26', 'PENDING', false,2,'b2c'),
--                                                                                                              (62, 1, '2024-09-27', 'PENDING', true,2,'b2c'),
--                                                                                                              (63, 1, '2024-09-28', 'PENDING', false,2,'b2c'),
--                                                                                                              (64, 1, '2024-09-29', 'PENDING', true,2,'b2b'),
--                                                                                                              (65, 1, '2024-09-30', 'PENDING', false,2,'b2b'),
--                                                                                                              (66, 1, '2024-10-01', 'PENDING', true,2,'b2b'),
--                                                                                                              (67, 1, '2024-10-02', 'PENDING', false,2,'b2c'),
--                                                                                                              (68, 1, '2024-10-03', 'PENDING', true,2,'b2c'),
--                                                                                                              (69, 1, '2024-10-04', 'PENDING', false,2,'b2c');

INSERT INTO outgoing_detail (detail_id, price, product_id, outgoing_id, quantity,category,country,natural_status) values (1,200000,1,1,30,'활어','국산','양식'),
                                                                                                                         (2,300000,5,2,40,'활어','국산','양식'),
                                                                                                                         (3,10000,3,2,50,'활어','국산','양식'),
                                                                                                                         (4,20000,4,2,60,'선어','국산','양식'),
                                                                                                                         (5,10000,6,3,70,'활어','국산','양식'),
                                                                                                                         (6,10000,5,4,80,'활어','국산','양식'),
                                                                                                                         (7,400000,3,4,90,'선어','국산','양식'),
                                                                                                                         (8,10000,1,4,100,'선어','국산','양식'),
                                                                                                                         (9,10000,1,5,100,'선어','국산','양식'),
                                                                                                                         (10,350000,1,5,100,'선어','국산','양식'),
                                                                                                                         (11,10000,1,5,100,'선어','국산','양식'),
                                                                                                                         (12,10000,1,5,100,'선어','국산','양식'),
                                                                                                                         (13,800000,8,5,100,'선어','국산','양식'),
                                                                                                                         (14,900000,7,5,100,'선어','국산','양식'),
                                                                                                                         (15,700000,9,6,100,'선어','국산','양식'),
                                                                                                                         (16,600000,5,6,100,'선어','국산','양식'),
                                                                                                                         (17,700000,4,7,100,'선어','국산','양식'),
                                                                                                                         (18,400000,7,8,100,'선어','국산','양식'),
                                                                                                                         (19,800000,2,8,100,'선어','국산','양식'),
                                                                                                                         (20,900000,1,8,100,'선어','국산','양식'),
                                                                                                                         (21,900000,2,9,100,'선어','국산','양식'),
                                                                                                                         (22,500000,1,9,100,'선어','국산','양식'),
                                                                                                                         (23,500000,1,10,100,'선어','국산','양식'),
                                                                                                                         (24,500000,5,11,100,'선어','국산','양식'),
                                                                                                                         (25,500000,4,12,100,'선어','국산','양식'),
                                                                                                                         (26,500000,7,12,100,'선어','국산','양식'),
                                                                                                                         (27,500000,8,13,100,'선어','국산','양식'),
                                                                                                                         (28,500000,9,14,100,'선어','국산','양식'),
                                                                                                                         (29,600000,5,15,100,'선어','국산','양식'),
                                                                                                                         (30,500000,5,19,100,'선어','국산','양식'),
                                                                                                                         (31,700000,5,19,100,'선어','국산','양식'),
                                                                                                                         (32,800000,5,20,100,'선어','국산','양식'),
                                                                                                                         (33,900000,5,20,100,'선어','국산','양식'),
                                                                                                                         (34,600000,5,20,100,'선어','국산','양식'),
                                                                                                                         (35,500000,5,21,100,'선어','국산','양식'),
                                                                                                                         (36,700000,4,22,100,'선어','국산','양식'),
                                                                                                                         (37,800000,3,23,100,'선어','국산','양식'),
                                                                                                                         (38,800000,2,23,100,'선어','국산','양식'),
                                                                                                                         (39,800000,1,24,100,'선어','국산','양식'),
                                                                                                                         (40,900000,2,24,100,'선어','국산','양식'),
                                                                                                                         (41,900000,3,25,100,'선어','국산','양식'),
                                                                                                                         (42,900000,4,25,100,'선어','국산','양식'),
                                                                                                                         (43,900000,5,26,100,'선어','국산','양식'),
                                                                                                                         (44,100000,6,27,100,'선어','국산','양식'),
                                                                                                                         (45,200000,2,27,100,'선어','국산','양식'),
                                                                                                                         (46,300000,1,27,100,'선어','국산','양식'),
                                                                                                                         (47,400000,3,27,100,'선어','국산','양식'),
                                                                                                                         (48,800000,4,27,100,'선어','국산','양식'),
                                                                                                                         (49,500000,9,27,100,'선어','국산','양식'),
                                                                                                                         (50,600000,5,27,100,'선어','국산','양식');
INSERT INTO inventories (inventory_id, company_id, quantity, category, product_id, country, incoming_date, natural_status) VALUES
                                                                                                                               (1, 1, 60, '활어', 1, '국산', '2024-07-23', '자연'),
                                                                                                                               (3, 101, 60, '활어', 2, '국산', '2024-07-03', '양식'),
                                                                                                                               (2, 101, 60, '선어', 1, '국산', '2024-07-17', '자연'),
                                                                                                                               (4, 102, 30, '활어', 2, '일본', '2024-07-12', '자연'),
                                                                                                                               (5, 102, 16, '선어', 1, '국산', '2024-07-31', '자연'),
                                                                                                                               (6, 103, 10, '선어', 1, '국산', '2024-07-22', '자연'),
                                                                                                                               (7, 103, 17, '활어', 2, '국산', '2024-07-28', '양식'),
                                                                                                                               (9, 103, 60, '활어', 1, '국산', '2024-07-17', '양식'),
                                                                                                                               (10, 103, 60, '활어', 3, '국산', '2024-07-23', '양식'),
                                                                                                                               (11, 103, 60, '활어', 1, '국산', '2024-07-23', '자연'),
                                                                                                                               (12, 103, 60, '활어', 1, '국산', '2024-07-31', '자연'),
                                                                                                                               (13, 103, 10, '활어', 4, '국산', '2024-07-28', '자연'),
                                                                                                                               (14, 104, 60, '활어', 1, '국산', '2024-07-22', '자연'),
                                                                                                                               (15, 104, 60, '선어', 2, '국산', '2024-07-12', '자연'),
                                                                                                                               (16, 105, 60, '선어', 1, '국산', '2024-07-31', '자연'),
                                                                                                                               (17, 105, 60, '선어', 1, '국산', '2024-07-17', '자연'),
                                                                                                                               (18, 105, 60, '선어', 5, '일본', '2024-07-23', '자연'),
                                                                                                                               (19, 105, 60, '선어', 1, '국산', '2024-07-31', '자연'),
                                                                                                                               (20, 106, 40, '활어', 2, '일본', '2024-07-03', '자연'),
                                                                                                                               (21, 106, 30, '활어', 3, '일본', '2024-07-03', '자연'),
                                                                                                                               (22, 107, 20, '활어', 4, '국산', '2024-07-03', '자연'),
                                                                                                                               (23, 107, 10, '활어', 5, '국산', '2024-07-03', '자연'),
                                                                                                                               (24, 107, 30, '활어', 6, '국산', '2024-07-03', '자연'),
                                                                                                                               (25, 108, 40, '활어', 7, '국산', '2024-07-03', '자연'),
                                                                                                                               (26, 109, 10, '활어', 7, '국산', '2024-07-03', '자연'),
                                                                                                                               (27, 109, 50, '활어', 8, '국산', '2024-07-03', '자연'),
                                                                                                                               (28, 111, 60, '활어', 7, '국산', '2024-07-03', '자연'),
                                                                                                                               (29, 111, 30, '활어', 10, '국산', '2024-07-03', '자연'),
                                                                                                                               (30, 112, 20, '활어', 11, '국산', '2024-07-03', '자연'),
                                                                                                                               (31, 112, 40, '활어', 12, '국산', '2024-07-03', '자연'),
                                                                                                                               (32, 113, 40, '활어', 8, '국산', '2024-07-03', '자연'),
                                                                                                                               (33, 113, 40, '활어', 6, '국산', '2024-07-03', '자연'),
                                                                                                                               (34, 113, 40, '활어', 7, '국산', '2024-07-03', '자연'),
                                                                                                                               (35, 110, 23, '활어', 11, '국산', '2024-07-03', '양식');

INSERT INTO inventory_detail(inventory_detail_id,inventory_id,company_id,warning_quantity, outgoing_price) VALUES
                                                                                                               (1, 1, 1, 5, 10000),
                                                                                                               (2, 2, 101, 5, 10000),
                                                                                                               (3, 3, 101, 5, 10000),
                                                                                                               (4, 4, 102, 5, 10000),
                                                                                                               (5, 5, 102, 5, 10000),
                                                                                                               (6, 6, 103, 5, 10000),
                                                                                                               (7, 7, 103, 5, 10000),
                                                                                                               (9, 9, 103, 5, 10000),
                                                                                                               (10, 10, 103, 5, 10000),
                                                                                                               (11, 11, 103, 5, 10000),
                                                                                                               (12, 12, 103, 5, 10000),
                                                                                                               (13, 13, 103, 5, 10000),
                                                                                                               (14, 14, 104, 5, 10000),
                                                                                                               (15, 15, 104, 5, 10000),
                                                                                                               (16, 16, 105, 5, 10000),
                                                                                                               (17, 17, 105, 5, 10000),
                                                                                                               (18, 18, 105, 5, 10000),
                                                                                                               (19, 19, 105, 5, 10000),
                                                                                                               (20, 20, 106, 5, 10000),
                                                                                                               (21, 21, 106, 5, 10000),
                                                                                                               (22, 22, 107, 5, 10000),
                                                                                                               (23, 23, 107, 5, 10000),
                                                                                                               (24, 24, 107, 5, 10000),
                                                                                                               (25, 25, 108, 5, 10000),
                                                                                                               (26, 26, 109, 5, 10000),
                                                                                                               (27, 27, 109, 5, 10000),
                                                                                                               (28, 28, 111, 5, 10000),
                                                                                                               (29, 29, 111, 5, 10000),
                                                                                                               (30, 30, 112, 5, 10000),
                                                                                                               (31, 31, 112, 5, 10000),
                                                                                                               (32, 32, 113, 5, 10000),
                                                                                                               (33, 33, 113, 5, 10000),
                                                                                                               (34, 34, 113, 5, 10000),
                                                                                                               (35, 35, 110, 5, 10000);
